school_name,domain
清华大学,tsinghua.edu.cn
北京大学,pku.edu.cn
浙江大学,zju.edu.cn
上海交通大学,sjtu.edu.cn
复旦大学,fudan.edu.cn
南京大学,nju.edu.cn
中国科学技术大学,ustc.edu.cn
华中科技大学,hust.edu.cn
武汉大学,whu.edu.cn
西安交通大学,xjtu.edu.cn
中山大学,sysu.edu.cn
北京航空航天大学,buaa.edu.cn
东南大学,seu.edu.cn
北京理工大学,bit.edu.cn
四川大学,scu.edu.cn
哈尔滨工业大学,hit.edu.cn
北京协和医学院,cams.ac.cn
同济大学,tongji.edu.cn
中国人民大学,ruc.edu.cn
北京师范大学,bnu.edu.cn
天津大学,tju.edu.cn
南开大学,nankai.edu.cn
山东大学,sdu.edu.cn
西北工业大学,nwpu.edu.cn
厦门大学,xmu.edu.cn
中南大学,csu.edu.cn
吉林大学,jlu.edu.cn
中国农业大学,cau.edu.cn
大连理工大学,dlut.edu.cn
华东师范大学,ecnu.edu.cn
华南理工大学,scut.edu.cn
电子科技大学,uestc.edu.cn
湖南大学,hnu.edu.cn
重庆大学,cqu.edu.cn
南方科技大学,sustc.edu.cn
北京科技大学,ustb.edu.cn
上海财经大学,shufe.edu.cn
南京航空航天大学,nuaa.edu.cn
南京理工大学,njust.edu.cn
兰州大学,lzu.edu.cn
东北大学,neu.edu.cn
首都医科大学,ccmu.edu.cn
西安电子科技大学,xidian.edu.cn
北京交通大学,njtu.edu.cn
上海科技大学,shanghaitech.edu.cn
苏州大学,suda.edu.cn
华东理工大学,ecust.edu.cn
中央财经大学,cufe.edu.cn
哈尔滨工程大学,hrbeu.edu.cn
东北师范大学,nenu.edu.cn
南方医科大学,fimmu.com
华中农业大学,hzau.edu.cn
中国石油大学（北京）,cup.edu.cn
南京医科大学,njmu.edu.cn
香港中文大学（深圳）,cuhk.edu.cn
南京农业大学,njau.edu.cn
郑州大学,zzu.edu.cn
暨南大学,jnu.edu.cn
哈尔滨医科大学,hrbmu.edu.cn
南京师范大学,njnu.edu.cn
武汉理工大学,whut.edu.cn
中国矿业大学,cumt.edu.cn
对外经济贸易大学,uibe.edu.cn
中国医科大学,cmu.edu.cn
中国政法大学,cupl.edu.cn
江南大学,jiangnan.edu.cn
天津医科大学,tijmu.edu.cn
上海大学,shu.edu.cn
中国海洋大学,ouc.edu.cn
华中师范大学,ccnu.edu.cn
西南交通大学,swjtu.edu.cn
中国石油大学（华东）,upc.edu.cn
中国地质大学（武汉）,cug.edu.cn
陕西师范大学,snnu.edu.cn
北京邮电大学,bupt.edu.cn
浙江工业大学,zjut.edu.cn
河海大学,hhu.edu.cn
北京工业大学,bjut.edu.cn
西北大学,nwu.edu.cn
北京化工大学,buct.edu.cn
西南大学,swu.edu.cn
云南大学,ynu.edu.cn
西南财经大学,swufe.edu.cn
南昌大学,ncu.edu.cn
中南财经政法大学,zuel.edu.cn
深圳大学,szu.edu.cn
西北农林科技大学,nwsuaf.edu.cn
北京外国语大学,bfsu.edu.cn
中国地质大学（北京）,cugb.edu.cn
华北电力大学,ncepu.edu.cn
东华大学,dhu.edu.cn
中国矿业大学（北京）,cumtb.edu.cn
宁波大学,nbu.edu.cn
华南师范大学,scnu.edu.cn
江苏大学,ujs.edu.cn
福州大学,fzu.edu.cn
扬州大学,yzu.edu.cn
合肥工业大学,hfut.edu.cn
北京中医药大学,bucm.edu.cn
北京林业大学,bjfu.edu.cn
中国传媒大学,cuc.edu.cn
南京邮电大学,njupt.edu.cn
上海纽约大学,nyu.edu
湖南师范大学,hunnu.edu.cn
重庆医科大学,cqmu.edu.cn
福建师范大学,fjnu.edu.cn
浙江师范大学,zjnu.edu.cn
南京工业大学,njtech.edu.cn
广西大学,gxu.edu.cn
首都师范大学,cnu.edu.cn
长安大学,chd.edu.cn
南京林业大学,njfu.edu.cn
华南农业大学,scau.edu.cn
上海中医药大学,shutcm.edu.cn
安徽大学,ahu.edu.cn
贵州大学,gzu.edu.cn
温州医科大学,wmu.edu.cn
上海外国语大学,shisu.edu.cn
杭州电子科技大学,hdu.edu.cn
广州医科大学,gzhmu.edu.cn
广州大学,gzhu.edu.cn
河南大学,henu.edu.cn
东北财经大学,dufe.edu.cn
广东工业大学,gdut.edu.cn
山西大学,sxu.edu.cn
湘潭大学,xtu.edu.cn
中国药科大学,cpu.edu.cn
南京信息工程大学,nuist.edu.cn
中央民族大学,muc.edu.cn
海南大学,hainanu.edu.cn
山东师范大学,sdnu.edu.cn
浙江理工大学,zstu.edu.cn
上海理工大学,usst.edu.cn
太原理工大学,tyut.edu.cn
河北工业大学,hebut.edu.cn
青岛大学,qdu.edu.cn
大连海事大学,dlmu.edu.cn
外交学院,cfau.edu.cn
燕山大学,ysu.edu.cn
东北林业大学,nefu.edu.cn
宁波诺丁汉大学,nottingham.edu.cn
西安建筑科技大学,xauat.edu.cn
昆明理工大学,kmust.edu.cn
内蒙古大学,imu.edu.cn
江西师范大学,jxnu.edu.cn
西安理工大学,xaut.edu.cn
上海师范大学,shnu.edu.cn
大连医科大学,dlmedu.edu.cn
杭州师范大学,hznu.edu.cn
昆山杜克大学,dku.edu.cn
东北农业大学,neau.edu.cn
河北医科大学,hebmu.edu.cn
武汉科技大学,wust.edu.cn
山东科技大学,sdust.edu.cn
陕西科技大学,sust.edu.cn
福建农林大学,fafu.edu.cn
江西财经大学,jxufe.edu.cn
长沙理工大学,csust.edu.cn
河北大学,hbu.edu.cn
宁夏大学,nxu.edu.cn
新疆大学,xju.edu.cn
西南石油大学,swpu.edu.cn
辽宁大学,lnu.edu.cn
温州大学,wzu.edu.cn
湖北大学,hubu.edu.cn
四川农业大学,sicau.edu.cn
长春理工大学,cust.edu.cn
浙江工商大学,hzic.edu.cn
石河子大学,shzu.edu.cn
中国计量大学,cjlu.edu.cn
天津工业大学,tiangong.edu.cn
南京中医药大学,njutcm.edu.cn
安徽师范大学,ahnu.edu.cn
江苏科技大学,just.edu.cn
首都经济贸易大学,cueb.edu.cn
天津师范大学,tjnu.edu.cn
齐鲁工业大学,sdili.edu.cn
北京语言大学,blcu.edu.cn
江苏师范大学,jsnu.edu.cn
山东农业大学,sdau.edu.cn
上海海洋大学,shou.edu.cn
福建医科大学,fjmu.edu.cn
湖北工业大学,hbut.edu.cn
浙江农林大学,zafu.edu.cn
华东政法大学,ecupl.edu.cn
河南农业大学,henau.edu.cn
常州大学,cczu.edu.cn
西交利物浦大学,xjtlu.edu.cn
沈阳农业大学,syau.edu.cn
河南师范大学,htu.edu.cn
重庆邮电大学,cqupt.edu.cn
广州中医药大学,gzucm.edu.cn
安徽农业大学,ahau.edu.cn
成都理工大学,cdut.edu.cn
安徽医科大学,ahmu.edu.cn
广西师范大学,gxnu.edu.cn
黑龙江大学,hlju.edu.cn
上海体育大学,sus.edu.cn
西南政法大学,swupl.edu.cn
北京建筑大学,bucea.edu.cn
武汉工程大学,wit.edu.cn
南通大学,ntu.edu.cn
浙江中医药大学,zcmu.edu.cn
河北师范大学,hebtu.edu.cn
广西医科大学,gxmu.edu.cn
天津科技大学,tust.edu.cn
青岛科技大学,qust.edu.cn
华侨大学,hqu.edu.cn
广东外语外贸大学,gdufs.edu.cn
河南科技大学,haust.edu.cn
延边大学,ybu.edu.cn
山西医科大学,sxmu.edu.cn
汕头大学,stu.edu.cn
武汉纺织大学,wtu.edu.cn
南京财经大学,nufe.edu.cn
天津中医药大学,tjutcm.edu.cn
江西理工大学,jxust.edu.cn
西安科技大学,xust.edu.cn
集美大学,jmu.edu.cn
西北师范大学,nwnu.edu.cn
湖南农业大学,hunau.edu.cn
青海大学,qhu.edu.cn
成都中医药大学,cdutcm.edu.cn
辽宁师范大学,lnnu.edu.cn
浙江财经大学,zufe.edu.cn
上海海事大学,shmtu.edu.cn
吉林农业大学,jlau.edu.cn
上海对外经贸大学,suibe.edu.cn
曲阜师范大学,qfnu.edu.cn
三峡大学,ctgu.edu.cn
深圳北理莫斯科大学,szmsubit.edu.cn
华东交通大学,ecjtu.jx.cn
济南大学,ujn.edu.cn
中北大学,nuc.edu.cn
山东财经大学,sdufe.edu.cn
南昌航空大学,nchu.edu.cn
天津理工大学,tjut.edu.cn
湖南科技大学,hnust.edu.cn
安徽工业大学,ahut.edu.cn
长江大学,yangtzeu.edu.cn
兰州理工大学,lut.cn
重庆交通大学,cqjtu.edu.cn
沈阳工业大学,sut.edu.cn
烟台大学,ytu.edu.cn
山东理工大学,sdut.edu.cn
安徽理工大学,aust.edu.cn
西藏大学,utibet.edu.cn
上海电力大学,shiep.edu.cn
北京工商大学,btbu.edu.cn
河北农业大学,hebau.edu.cn
北方工业大学,ncut.edu.cn
西安邮电大学,xiyou.edu.cn
北京电子科技学院,besti.edu.cn
四川师范大学,sicnu.edu.cn
云南师范大学,ynnu.edu.cn
南华大学,usc.edu.cn
江西农业大学,jxau.edu.cn
山东第一医科大学,sdfmu.edu.cn
河南理工大学,hpu.edu.cn
苏州科技大学,usts.edu.cn
内蒙古农业大学,imau.edu.cn
北京信息科技大学,bistu.edu.cn
兰州交通大学,lzjtu.edu.cn
北京师范大学-香港浸会大学联合国际学院,uic.edu.cn
南京审计大学,nau.edu.cn
河南工业大学,haut.edu.cn
天津财经大学,tjufe.edu.cn
青岛理工大学,qtech.edu.cn
中国人民公安大学,cppsu.edu.cn
大连工业大学,dlpu.edu.cn
徐州医科大学,xzhmu.edu.cn
国际关系学院,uir.cn
沈阳航空航天大学,sau.edu.cn
沈阳药科大学,syphu.edu.cn
沈阳建筑大学,sjzu.edu.cn
重庆师范大学,cqnu.edu.cn
中南民族大学,scuec.edu.cn
青岛农业大学,qau.edu.cn
北京体育大学,bsu.edu.cn
山西农业大学,sxau.edu.cn
西安工业大学,xatu.cn
湖州师范学院,zjhu.edu.cn
东北石油大学,nepu.edu.cn
佛山大学,fosu.edu.cn
嘉兴大学,zjxu.edu.cn
浙江海洋大学,zjou.edu.cn
西南科技大学,swust.edu.cn
海南师范大学,hainnu.edu.cn
石家庄铁道大学,stdu.edu.cn
青海师范大学,qhnu.edu.cn
上海工程技术大学,sues.edu.cn
河北科技大学,hebust.edu.cn
安徽财经大学,aufe.edu.cn
中南林业科技大学,csuft.edu.cn
桂林电子科技大学,gliet.edu.cn
哈尔滨理工大学,hrbust.edu.cn
成都大学,cdu.edu.cn
甘肃农业大学,gsau.edu.cn
东莞理工学院,dgut.edu.cn
鲁东大学,ldu.edu.cn
浙江科技大学,zust.edu.cn
重庆理工大学,cqut.edu.cn
内蒙古师范大学,imnu.edu.cn
聊城大学,lcu.edu.cn
沈阳化工大学,syuct.edu.cn
西南医科大学,scmu.edu.cn
山东建筑大学,sdjzu.edu.cn
宁夏医科大学,nxmu.edu.cn
东华理工大学,ecit.edu.cn
山东中医药大学,sdutcm.edu.cn
哈尔滨师范大学,hrbnu.edu.cn
武汉轻工大学,whpu.edu.cn
赣南师范大学,gnnu.cn
北京第二外国语学院,bisu.edu.cn
长春工业大学,ccut.edu.cn
西北政法大学,nwupl.edu.cn
渤海大学,bhu.edu.cn
华北水利水电大学,ncwu.edu.cn
上海应用技术大学,sit.edu.cn
西安石油大学,xapi.edu.cn
温州肯恩大学,wku.edu.cn
山西师范大学,sxnu.edu.cn
郑州轻工业大学,zzuli.edu.cn
东北电力大学,nedu.edu.cn
滨州医学院,bzmc.edu.cn
贵州师范大学,gznu.edu.cn
大连大学,dlu.edu.cn
辽宁石油化工大学,lnpu.edu.cn
西华师范大学,cwnu.edu.cn
新疆医科大学,xjmu.edu.cn
北京农学院,bac.edu.cn
南京工程学院,njit.edu.cn
安徽工程大学,ahpu.edu.cn
浙大城市学院,zucc.edu.cn
沈阳师范大学,synu.edu.cn
湖南中医药大学,hnctcm.edu.cn
大连交通大学,djtu.edu.cn
成都信息工程大学,cuit.edu.cn
河南中医药大学,hactcm.edu.cn
上海海关学院,shcc.edu.cn
新乡医学院,xxmu.edu.cn
西安工程大学,xpu.edu.cn
桂林理工大学,glite.edu.cn
江汉大学,jhun.edu.cn
上海政法学院,shupl.edu.cn
沈阳理工大学,syit.edu.cn
安徽建筑大学,ahjzu.edu.cn
湖南工业大学,hut.edu.cn
绍兴文理学院,usx.edu.cn
厦门理工学院,xmut.edu.cn
辽宁工程技术大学,lntu.edu.cn
浙大宁波理工学院,nbt.edu.cn
北京印刷学院,bigc.edu.cn
内蒙古工业大学,imut.edu.cn
昆明医科大学,kmmc.cn
北京石油化工学院,bipt.edu.cn
华北理工大学,ncst.edu.cn
常熟理工学院,cslg.cn
延安大学,yau.edu.cn
中国民航大学,cauc.edu.cn
黑龙江八一农垦大学,byau.edu.cn
中原工学院,zzti.edu.cn
辽宁科技大学,ustl.edu.cn
西南民族大学,swun.edu.cn
沈阳大学,syu.edu.cn
合肥大学,hfuu.edu.cn
辽宁中医药大学,lnutcm.edu.cn
北华大学,beihua.edu.cn
新疆农业大学,xjau.edu.cn
北京联合大学,buu.edu.cn
山西财经大学,sxufe.edu.cn
闽江学院,mju.edu.cn
遵义医科大学,zmu.edu.cn
辽宁工业大学,lnit.edu.cn
湖北医药学院,hbmu.edu.cn
宁波工程学院,nbut.edu.cn
河北工程大学,hebeu.edu.cn
盐城工学院,ycit.cn
云南农业大学,ynau.edu.cn
太原科技大学,tyust.edu.cn
吉首大学,jsu.edu.cn
重庆科技大学,cqust.edu.cn
广东海洋大学,gdou.edu.cn
大连海洋大学,dlou.edu.cn
内蒙古医科大学,immc.edu.cn
淮阴工学院,hyit.edu.cn
内蒙古科技大学,imust.edu.cn
山东第二医科大学,wfmc.edu.cn
台州学院,tzc.edu.cn
重庆工商大学,ctbu.edu.cn
黑龙江中医药大学,hljucm.net
塔里木大学,taru.edu.cn
信阳师范大学,xytc.edu.cn
西华大学,xhu.edu.cn
湖南理工学院,hnist.cn
大理大学,dali.edu.cn
景德镇陶瓷大学,jci.edu.cn
新疆师范大学,xjnu.edu.cn
贵州医科大学,gmc.edu.cn
吉林财经大学,cc.jl.cn
四川外国语大学,sisu.edu.cn
吉林师范大学,jlnu.edu.cn
广东医科大学,gdmu.edu.cn
河北经贸大学,heuet.edu.cn
长春师范大学,cncnc.edu.cn
大连外国语大学,dlufl.edu.cn
西南林业大学,swfc.edu.cn
长江师范学院,yznu.cn
盐城师范学院,yctc.edu.cn
江苏理工学院,jstu.edu.cn
闽南师范大学,fjzs.edu.cn
广东财经大学,gdufe.edu.cn
淮阴师范学院,hytc.edu.cn
福建理工大学,fjut.edu.cn
江西中医药大学,jxutcm.edu.cn
河北地质大学,hgu.edu.cn
淮北师范大学,hbcnc.edu.cn
海南医科大学,hainmc.edu.cn
南宁师范大学,nnnu.edu.cn
贵州师范学院,gznc.edu.cn
河南财经政法大学,huel.edu.cn
西安外国语大学,xisu.edu.cn
常州工学院,czu.cn
北京物资学院,bwu.edu.cn
锦州医科大学,lnmu.edu.cn
上海第二工业大学,sspu.edu.cn
长春中医药大学,ccucm.edu.cn
天津城建大学,tjuci.edu.cn
广东技术师范大学,gpnu.edu.cn
上海电机学院,sdju.edu.cn
徐州工程学院,xzit.edu.cn
湖北师范大学,hbnu.edu.cn
江苏海洋大学,jou.edu.cn
广西中医药大学,gxtcmu.edu.cn
首都体育学院,cupes.edu.cn
吉林建筑大学,jlju.edu.cn
湖北中医药大学,hbtcm.edu.cn
安庆师范大学,aqnu.edu.cn
长沙学院,ccsu.cn
南昌工程学院,nit.edu.cn
山东交通学院,sdjtu.edu.cn
五邑大学,wyu.edu.cn
河南科技学院,hist.edu.cn
江西科技师范大学,jxstnu.edu.cn
桂林医学院,glmc.edu.cn
井冈山大学,jgsu.edu.cn
重庆文理学院,cqwu.net
浙江万里学院,zjwu.net
湖南第一师范学院,hnfnu.edu.cn
陕西理工大学,snut.edu.cn
洛阳师范学院,lynu.edu.cn
天津职业技术师范大学,tute.edu.cn
仲恺农业工程学院,zhku.edu.cn
衡阳师范学院,hynu.edu.cn
安徽中医药大学,ahtcm.edu.cn
临沂大学,lyu.edu.cn
天津农学院,tjac.edu.cn
南京晓庄学院,njxzc.edu.cn
黄冈师范学院,hgnc.net
天津外国语大学,tjfsu.edu.cn
四川轻化工大学,suse.edu.cn
长春大学,ccu.edu.cn
长春工程学院,ccit.edu.cn
无锡学院,bjxy.cn
安徽科技学院,ahstu.edu.cn
金陵科技学院,jit.edu.cn
岭南师范学院,lingnan.edu.cn
惠州学院,hzu.edu.cn
西藏农牧学院,xza.edu.cn
贵州民族大学,gzmu.edu.cn
衢州学院,qzc.edu.cn
铜仁学院,gztrc.edu.cn
浙江传媒学院,cuz.edu.cn
湖北第二师范学院,hue.edu.cn
齐齐哈尔大学,qqhru.edu.cn
福建中医药大学,fjtcm.edu.cn
合肥师范学院,hfnu.edu.cn
绵阳师范学院,mnu.cn
上海立信会计金融学院,lixin.edu.cn
广西科技大学,gxut.edu.cn
中国刑事警察学院,cipuc.edu.cn
攀枝花学院,pzhu.edu.cn
榆林学院,yulinu.edu.cn
湖南工商大学,hutb.edu.cn
内江师范学院,njtc.edu.cn
广东药科大学,gdpu.edu.cn
湖北汽车工业学院,huat.edu.cn
山东航空学院,bzu.edu.cn
沈阳医学院,symc.edu.cn
泰山学院,tsu.edu.cn
湖北文理学院,hbuas.edu.cn
三明学院,fjsmu.cn
重庆三峡学院,sanxiau.edu.cn
丽水学院,lsu.edu.cn
潍坊学院,wfu.edu.cn
云南民族大学,ynni.edu.cn
泉州师范学院,qztc.edu.cn
黑龙江科技大学,usth.edu.cn
广西民族大学,gxun.edu.cn
防灾科技学院,cidp.edu.cn
西安文理学院,xawl.edu.cn
天津商业大学,tjcu.edu.cn
湖北科技学院,hbust.edu.cn
杭州医学院,hmc.edu.cn
宝鸡文理学院,bjwlxy.edu.cn
龙岩学院,lyun.edu.cn
南阳师范学院,nynu.edu.cn
大连民族大学,dlnu.edu.cn
湖南文理学院,huas.edu.cn
通化师范学院,thnu.edu.cn
湘南学院,xnu.edu.cn
北方民族大学,nwsni.edu.cn
广东石油化工学院,gdpa.edu.cn
陕西中医药大学,sntcm.edu.cn
北华航天工业学院,nciae.edu.cn
怀化学院,hhtc.edu.cn
佳木斯大学,jmsu.edu.cn
中国人民警察大学,cppu.edu.cn
河北科技师范学院,hevttc.edu.cn
渭南师范学院,wntc.edu.cn
湖北经济学院,hbue.edu.cn
阜阳师范大学,fynu.edu.cn
德州学院,dzu.edu.cn
玉林师范学院,ylu.edu.cn
川北医学院,nsmc.edu.cn
云南财经大学,ynufe.edu.cn
济宁医学院,jnmc.edu.cn
南阳理工学院,nyist.edu.cn
滁州学院,chzu.edu.cn
江苏第二师范学院,jssnu.edu.cn
曲靖师范学院,qjnu.edu.cn
莆田学院,ptu.edu.cn
西安财经大学,xaufe.edu.cn
贵阳学院,gyu.cn
枣庄学院,uzz.edu.cn
湖北理工学院,hbpu.edu.cn
皖南医学院,wnmc.edu.cn
郑州航空工业管理学院,zua.edu.cn
湖南城市学院,hncu.net
湖南工程学院,hnie.edu.cn
湖南科技学院,huse.cn
西藏民族大学,xzmu.edu.cn
广东第二师范学院,gdei.edu.cn
中国劳动关系学院,culr.edu.cn
太原师范学院,tynu.edu.cn
周口师范学院,zknu.edu.cn
贵州财经大学,gzife.edu.cn
北部湾大学,bbgu.edu.cn
浙江水利水电学院,zjweu.edu.cn
肇庆学院,zqu.edu.cn
西北民族大学,xbmu.edu.cn
韩山师范学院,hstc.edu.cn
宿迁学院,squ.edu.cn
河南城建学院,hncj.edu.cn
中国民用航空飞行学院,cafuc.edu.cn
咸阳师范学院,xync.edu.cn
黑龙江工程学院,hljit.edu.cn
安阳师范学院,aynu.edu.cn
唐山师范学院,tstc.edu.cn
皖西学院,wxc.edu.cn
齐鲁师范学院,qlnu.edu.cn
成都师范学院,cdnu.edu.cn
河南工程学院,haue.edu.cn
哈尔滨商业大学,hrbcu.edu.cn
哈尔滨学院,hrbu.edu.cn
上饶师范学院,sru.edu.cn
贵州理工学院,git.edu.cn
牡丹江师范学院,mdjnu.cn
蚌埠医科大学,bbmc.edu.cn
昆明学院,kmu.edu.cn
武汉体育学院,whsu.edu.cn
浙江外国语学院,zisu.edu.cn
宜宾学院,yibinu.edu.cn
山东工商学院,sdibt.edu.cn
重庆第二师范学院,cque.edu.cn
河北中医药大学,hebcm.edu.cn
商丘师范学院,sqnc.edu.cn
湖南人文科技学院,huhst.edu.cn
黄淮学院,huanghuai.edu.cn
长治学院,czc.edu.cn
湖北工程学院,hbeu.cn
平顶山学院,pdsu.edu.cn
内蒙古民族大学,imun.edu.cn
乐山师范学院,lstc.edu.cn
温州理工学院,wzut.edu.cn
西昌学院,xcc.sc.cn
遵义师范学院,zync.edu.cn
沈阳体育学院,syty.edu.cn
贵州中医药大学,gzy.edu.cn
内蒙古财经大学,imufe.edu.cn
信阳农林学院,xyafu.edu.cn
宜春学院,jxycu.edu.cn
浙江警察学院,zjjcxy.cn
天水师范学院,tsnc.edu.cn
营口理工学院,yku.edu.cn
商洛学院,slxy.cn
兰州石化职业技术大学,lzpcc.com.cn
上海健康医学院,sumhs.edu.cn
中华女子学院,cwu.edu.cn
宁德师范学院,ndnu.edu.cn
邵阳学院,hnsyu.net
海南热带海洋学院,qzu.edu.cn
洛阳理工学院,lit.edu.cn
玉溪师范学院,yxnu.net
成都工业学院,cdtu.edu.cn
安阳工学院,ayit.edu.cn
赣南医科大学,gmu.cn
四川旅游学院,sctu.edu.cn
九江学院,jju.edu.cn
鞍山师范学院,asnc.edu.cn
山东女子学院,sdwu.edu.cn
承德医学院,cdmc.edu.cn
内蒙古科技大学包头师范学院,bttc.edu.cn
成都医学院,cmc.edu.cn
赤峰学院,cfxy.cn
淮南师范学院,hnnu.edu.cn
湖南工学院,hnpu.edu.cn
贺州学院,hzu.gx.cn
吉林化工学院,jlict.edu.cn
河西学院,hxu.edu.cn
云南中医药大学,ynutcm.edu.cn
南昌师范学院,ncnu.edu.cn
许昌学院,xcu.edu.cn
吉林农业科技学院,jlnku.edu.cn
河北建筑工程学院,hebiace.edu.cn
天津体育学院,tjus.edu.cn
河南牧业经济学院,habc.edu.cn
宁夏师范大学,nxtu.cn
陇东学院,ldxy.edu.cn
武夷学院,wuyiu.edu.cn
运城学院,ycu.edu.cn
安康学院,aku.edu.cn
宿州学院,ahszu.edu.cn
上海商学院,sbs.edu.cn
山东管理学院,sdmu.edu.cn
黄山学院,hsu.edu.cn
南京体育学院,nipes.cn
泰州学院,tzu-edu.cn
巢湖学院,chtc.edu.cn
喀什大学,ksu.edu.cn
陕西学前师范学院,snie.edu.cn
江苏警官学院,jspi.cn
四川警察学院,scpolicec.edu.cn
辽东学院,elnu.edu.cn
伊犁师范大学,ylnu.edu.cn
山东农业工程学院,sdngy.edu.cn
辽宁科技学院,lnist.edu.cn
甘肃中医药大学,gszy.edu.cn
琼台师范学院,qtnu.edu.cn
红河学院,uoh.edu.cn
湖州学院,zjhzu.edu.cn
山东青年政治学院,sdyu.edu.cn
六盘水师范学院,lpssy.edu.cn
广州体育学院,gipe.edu.cn
梧州学院,gxuwz.edu.cn
甘肃政法大学,gsupl.edu.cn
呼伦贝尔学院,hlbrc.cn
湖北民族大学,hbmzu.edu.cn
河北民族师范学院,hbun.net
兰州城市学院,lzcu.edu.cn
凯里学院,kluniv.edu.cn
兰州工业学院,lzptc.edu.cn
郑州工程技术学院,zzut.edu.cn
山西中医药大学,sxtcm.edu.cn
福建技术师范学院,fpnu.edu.cn
广东金融学院,gduf.edu.cn
阿坝师范学院,abtu.edu.cn
贵阳康养职业大学,gynvc.edu.cn
安顺学院,asu.edu.cn
大庆师范学院,dqsy.net
萍乡学院,pxc.jx.cn
南京特殊教育师范学院,njts.edu.cn
郑州师范学院,zznu.edu.cn
长沙师范学院,cssf.cn
赣南科技学院,gnust.edu.cn
桂林航天工业学院,guat.edu.cn
晋中学院,sxjztc.edu.cn
新疆财经大学,xjufe.edu.cn
菏泽学院,hezeu.edu.cn
邯郸学院,hdc.edu.cn
河北环境工程学院,hebuee.edu.cn
内蒙古科技大学包头医学院,btmc.cn
楚雄师范学院,cxtc.edu.cn
白城师范学院,bcsfxy.com
华北科技学院,ncist.edu.cn
池州学院,czu.edu.cn
太原工业学院,tit.edu.cn
济宁学院,jnxy.edu.cn
右江民族医学院,ymun.edu.cn
保定学院,bdu.edu.cn
景德镇学院,jdzu.edu.cn
忻州师范学院,xztc.edu.cn
蚌埠学院,bbc.edu.cn
广州航海学院,gzmtu.edu.cn
集宁师范学院,jntc.nm.cn
青海民族大学,qhmu.edu.cn
山东体育学院,sdpei.edu.cn
山西大同大学,sxdtdx.edu.cn
重庆警察学院,cqpc.edu.cn
兴义民族师范学院,qxntc.edu.cn
四川文理学院,sasu.edu.cn
西安医学院,xiyi.edu.cn
鄂尔多斯应用技术学院,oit.edu.cn
广西民族师范学院,gxnun.net
天津中德应用技术大学,tsguas.edu.cn
山西电子科技学院,xdwl-sxnu.cn
广东警官学院,gdppla.edu.cn
百色学院,bsuc.cn
绥化学院,shxy.edu.cn
哈尔滨体育学院,hrbipe.edu.cn
河南工学院,hait.edu.cn
苏州城市学院,szcu.edu.cn
新余学院,xyc.edu.cn
亳州学院,bzuu.edu.cn
吉林工程技术师范学院,jlenu.edu.cn
河套学院,hetaodaxue.com
黑河学院,hhhxy.cn
厦门医学院,xmmc.edu.cn
吕梁学院,llu.edu.cn
荆楚理工学院,jcut.edu.cn
成都体育学院,cdsu.edu.cn
贵州工程应用技术学院,gues.edu.cn
山西能源学院,sxeu.cn
南京工业职业技术大学,niit.edu.cn
石家庄学院,sjzc.edu.cn
福建江夏学院,fjjxu.edu.cn
兰州文理学院,luas.edu.cn
新疆工程学院,xjie.edu.cn
牡丹江医科大学,mdjmu.cn
广西科技师范学院,gxstnu.edu.cn
张家口学院,zjku.edu.cn
衡水学院,hsnc.edu.cn
黔南民族师范学院,sgmtu.edu.cn
四川民族学院,scun.edu.cn
保山学院,bsnc.cn
中央司法警官学院,cicp.edu.cn
赣东学院,gdc.edu.cn
山西工程技术学院,sxit.edu.cn
西安体育学院,xaipe.edu.cn
河池学院,hcnu.edu.cn
普洱学院,peuni.cn
河北北方学院,hebeinu.edu.cn
韶关学院,sgu.edu.cn
嘉应学院,jyu.edu.cn
兰州财经大学,lzcc.edu.cn
河北水利电力学院,hbwe.edu.cn
豫章师范学院,yuznu.edu.cn
山东政法学院,sdupsl.edu.cn
西安航空学院,xaau.edu.cn
北京警察学院,bjpc.edu.cn
汉江师范学院,hjnu.edu.cn
新乡学院,xxu.edu.cn
河北金融学院,hbfu.edu.cn
齐齐哈尔医学院,qmu.edu.cn
滇西科技师范学院,dxstnu.edu.cn
黑龙江工业学院,hljut.edu.cn
新疆理工学院,xjistedu.cn
昌吉学院,cjc.edu.cn
辽宁警察学院,lnpc.cn
太原学院,tyu.edu.cn
甘肃民族师范学院,gnun.edu.cn
山东石油化工学院,slcupc.edu.cn
唐山学院,tsc.edu.cn
河北工业职业技术大学,hbcit.edu.cn
邢台学院,xttc.edu.cn
昭通学院,zttc.edu.cn
沧州师范学院,caztc.edu.cn
广西职业师范学院,gxvnu.edu.cn
廊坊师范学院,lfnu.edu.cn
文山学院,wsu.edu.cn
山西工程科技职业大学,sxgkd.edu.cn
沈阳工程学院,sie.edu.cn
湖南财政经济学院,hufe.edu.cn
滇西应用技术大学,wyuas.edu.cn
河北科技工程职业技术大学,xpc.edu.cn
河北石油职业技术大学,cdpc.edu.cn
新疆政法学院,xjzfu.edu.cn
广西农业职业技术大学,gxnzd.edu.cn
山西科技学院,tyust.edu.cn
长治医学院,czmc.com
福建警察学院,fjpsc.edu.cn
福建商学院,fjbu.edu.cn
甘肃医学院,plmc.edu.cn
广西财经学院,gxufe.cn
广西警察学院,gxjcxy.com
桂林旅游学院,gltu.edu.cn
贵州警察学院,gzpc.edu.cn
贵州商学院,gzcc.edu.cn
哈尔滨金融学院,hrbfu.edu.cn
河北体育学院,shutu.tv
河南财政金融学院,hacz.edu.cn
河南警察学院,hngazk.edu.cn
湖北警官学院,hbpa.edu.cn
呼和浩特民族学院,imnc.edu.cn
湖南警察学院,hnpolice.com
湖南女子学院,hnnd.com.cn
湖南医药学院,hnmu.com.cn
江西警察学院,jxga.com
嘉兴南湖学院,jxnhu.edu.cn
吉林工商学院,jlbtc.edu.cn
吉林警察学院,jljcxy.com
吉林体育学院,jlsu.edu.cn
吉林医药学院,jlmu.cn
兰州资源环境职业技术大学,lzre.edu.cn
南昌医学院,ncmc.edu.cn
南京警察学院,forestpolice.net
山东警察学院,sdpc.edu.cn
上海公安学院,shpc.edu.cn
山西警察学院,sxpc.edu.cn
铜陵学院,tlu.edu.cn
武汉商学院,wbu.edu.cn
新疆第二医学院,xjmuhbc.edu.cn
新疆警察学院,xjpcedu.cn
新疆科技学院,xjswxy.edu.cn
云南警官学院,ynpc.edu.cn
浙江药科职业大学,zjpc.net.cn
郑州警察学院,rpc.edu.cn
三亚学院,sanyau.edu.cn
三明市中西医结合医院,smzxy.com
三明市第一医院,smdyyy.cn
三明市第二医院,sm2y.cn
三江学院,sju.edu.cn
三门峡职业技术学院,smxpt.edu.cn
上海交通大学船舶海洋与建筑工程学院,sjtu.edu.cn
上海人工智能实验室,sqz.ac.cn
上海农林职业技术学院,shafc.edu.cn
上海工艺美术职业学院,sada.edu.cn
上海市农业科学院,saas.sh.cn
上海市可扩展计算与系统重点实验室,sjtu.edu.cn
上海开放大学,sou.edu.cn
上海戏剧学院,sta.edu.cn
上海社会科学院,sass.org.cn
上海科学院,sibpt.com
上海视觉艺术学院,siva.edu.cn
上海音乐学院,shcmusic.edu.cn
东海实验室,donghailab.cn
中共中央党校,ccps.gov.cn
中国中医科学院,tcmid.cn
中国中医科学院中医临床基础医学研究所,tcmid.cn
中国中医科学院中医基础理论研究所,ibtcm.ac.cn
中国中医科学院中医药信息研究所,ibtcm.ac.cn
中国中医科学院中药研究所,icmm.ac.cn
中国中医科学院中药资源中心,nrc.ac.cn
中国中医科学院广安门医院,gamyy.cn
中国中医科学院西苑医院,xyhospital.com
中国人民解放军总医院,301hospital-5.mil.cn
中国人民解放军总医院第七医学中心,301hospital.com.cn
中国人民解放军总医院第六医学中心,hjzyy.mil.cn
中国人民解放军空军军医大学,fmmu.edu.cn
中国人民解放军陆军军医大学,dph-fsi.com
中国人民解放军陆军工程大学,aeu.edu.cn
中国信息通信研究院,caict.ac.cn
中国农业科学院,caas.cn
中国农业科学院上海兽医研究所,caas.cn
中国农业科学院作物科学研究所,icscaas.com.cn
中国农业科学院兰州兽医研究所,cnki.net
中国农业科学院兰州畜牧与兽药研究所,caas.cn
中国农业科学院农业信息研究所,caas.cn
中国农业科学院农业环境与可持续发展研究所,caas.cn
中国农业科学院农业质量标准与检测技术研究所,caas.cn
中国农业科学院农业资源与农业区划研究所,caas.cn
中国农业科学院农产品加工研究所,caas.cn
中国农业科学院农田灌溉研究所,caas.cn
中国农业科学院北京畜牧兽医研究所,caas.cn
中国农业科学院哈尔滨兽医研究所,hvri.ac.cn
中国农业科学院果树研究所,ipcaas.com
中国农业科学院棉花研究所,cricaas.com.cn
中国农业科学院植物保护研究所,ippcaas.cn
中国农业科学院油料作物研究所,oilcrops.com.cn
中国农业科学院深圳农业基因组研究所,caas.cn
中国农业科学院深圳研究生院,caas.cn
中国农业科学院烟草研究所,caas.cn
中国农业科学院特产研究所,caas.cn
中国农业科学院生物技术研究所,caas.cn
中国农业科学院研究生院,caas.cn
中国农业科学院茶叶研究所,tricaas.com
中国农业科学院草原研究所,caas.cn
中国农业科学院蔬菜花卉研究所,ivfcaas.ac.cn
中国农业科学院蜜蜂研究所,caas.cn
中国农业科学院郑州果树研究所,zzgss.cn
中国农业科学院都市农业研究所,caas.cn
中国农业科学院饲料研究所,caasfri.com.cn
中国动物卫生与流行病学中心,cahec.cn
中国医学科学院医学实验动物研究所,cnilas.org
中国医学科学院医学生物学研究所,imbcams.ac.cn
中国医学科学院医药生物技术研究所,imb.com.cn
中国医学科学院基础医学研究所,pumc.edu.cn
中国医学科学院放射医学研究所,irm-cams.ac.cn
中国医学科学院整形外科医院,zhengxing.com.cn
中国医学科学院生物医学工程研究所,bme.org.cn
中国医学科学院病原生物学研究所,ipbcams.ac.cn
中国医学科学院皮肤病研究所,pumcderm.net
中国医学科学院肿瘤医院,cicams.ac.cn
中国医学科学院药物研究所,imm.ac.cn
中国医学科学院药用植物研究所,implad.ac.cn
中国医学科学院血液学研究所,chinablood.com.cn
中国医学科学院输血研究所,ibtcams.ac.cn
中国医学科学院阜外医院,fuwaihospital.org
中国地质大学,cug.edu.cn
中国地质科学院,cags.ac.cn
中国地质科学院地球物理地球化学勘查研究所,cgs.gov.cn
中国地质科学院地质力学研究所,cgs.gov.cn
中国地质科学院地质研究所,geoscience.cn
中国地质科学院水文地质环境地质研究所,cgs.gov.cn
中国地质调查局南京地质调查中心,cgs.gov.cn
中国地质调查局发展研究中心,cgs.gov.cn
中国地质调查局国家地质实验测试中心,cgs.gov.cn
中国地质调查局成都地质调查中心(西南地质科技创新中心),cgs.gov.cn
中国地质调查局武汉地质调查中心,cgs.gov.cn
中国地质调查局沈阳地质调查中心,cgs.gov.cn
中国地质调查局西安地质调查中心,cgs.gov.cn
中国地震局,cea-igp.ac.cn
中国地震局地球物理研究所,cea-igp.ac.cn
中国地震局地质研究所,eq-igl.ac.cn
中国地震局地震预测研究所,ief.ac.cn
中国地震局工程力学研究所,iem.ac.cn
中国地震局第一监测中心,tcu.edu.cn
中国地震灾害防御中心,eq-cedpc.cn
中国安全生产科学研究院,chinasafety.ac.cn
中国工程物理研究院,caep.cn
中国政法大学证据科学研究院,cupl.edu.cn
中国极地研究中心,pric.org.cn
中国林业科学研究院,caf.ac.cn
中国林业科学研究院亚热带林业研究所,caf.ac.cn
中国林业科学研究院木材工业研究所,caf.ac.cn
中国林业科学研究院林业研究所,caf.ac.cn
中国林业科学研究院林产化学工业研究所,caf.ac.cn
中国林业科学研究院沙漠林业实验中心,caf.ac.cn
中国林业科学研究院资源信息研究所,caf.ac.cn
中国标准化研究院,cnis.ac.cn
中国检验检疫科学研究院,caiq.org.cn
中国气象科学研究院,camscma.cn
中国水产科学研究院,ecsf.ac.cn
中国水产科学研究院东海水产研究所,ecsf.ac.cn
中国水产科学研究院南海水产研究所,scsfri.ac.cn
中国水产科学研究院淡水渔业研究中心,ffrc.cn
中国水产科学研究院渔业机械仪器研究所,fmiri.ac.cn
中国水产科学研究院长江水产研究所,yfi.ac.cn
中国水产科学研究院黄海水产研究所,ysfri.ac.cn
中国水产科学研究院黑龙江水产研究所,hrfri.ac.cn
中国水利水电科学研究院,damcenter.cn
中国水稻研究所,caas.cn
中国测绘科学研究院,casm.ac.cn
中国测试技术研究院,nimtt.cn
中国热带农业科学院,catas.cn
中国环境科学研究院,craes.cn
中国疾病预防控制中心,chinacdc.cn
中国疾病预防控制中心-寄生虫病预防控制所,ipd.org.cn
中国疾病预防控制中心传染病预防控制所,xjtu.edu.cn
中国疾病预防控制中心农村改水技术指导中心,chinacdc.cn
中国疾病预防控制中心病毒病预防控制所,chinacdc.cn
中国疾病预防控制中心职业卫生与中毒控制所,chinacdc.cn
中国疾病预防控制中心营养与健康所,chinacdc.cn
中国疾病预防控制中心辐射防护与核安全医学所,nirp.cn
中国社会科学院,cssn.cn
中国社会科学院大学,ucass.edu.cn
中国科学院,ucas.ac.cn
中国科学院上海光学精密机械研究所,cas.cn
中国科学院上海免疫与感染研究所,cas.cn
中国科学院上海天文台,cas.cn
中国科学院上海应用物理研究所,ucas.ac.cn
中国科学院上海微系统与信息技术研究所,cas.cn
中国科学院上海技术物理研究所,sitp.ac.cn
中国科学院上海有机化学研究所,cas.cn
中国科学院上海硅酸盐研究所,cas.cn
中国科学院上海药物研究所,cas.cn
中国科学院上海营养与健康研究所,cas.cn
中国科学院上海高等研究院,cas.cn
中国科学院东北地理与农业生态研究所,cas.cn
中国科学院云南天文台,cas.cn
中国科学院亚热带农业生态研究所,cas.cn
中国科学院信息工程研究所,ucas.ac.cn
中国科学院光电技术研究所,cas.cn
中国科学院光电研究院,cas.cn
中国科学院兰州化学物理研究所,cas.cn
中国科学院兰州文献情报中心,cas.cn
中国科学院分子植物科学卓越创新中心,cas.cn
中国科学院分子细胞科学卓越创新中心,cas.cn
中国科学院力学研究所,cas.cn
中国科学院动物研究所,cas.cn
中国科学院化学研究所,iccas.ac.cn
中国科学院北京基因组研究所,cas.cn
中国科学院北京纳米能源与系统研究所,cas.cn
中国科学院半导体研究所,semi.ac.cn
中国科学院华南植物园,cas.cn
中国科学院南京土壤研究所,cas.cn
中国科学院南京地理与湖泊研究所,cas.cn
中国科学院南京地质古生物研究所,cas.cn
中国科学院南京天文光学技术研究所,cas.cn
中国科学院南海海洋研究所,scsio.ac.cn
中国科学院古脊椎动物与古人类研究所,cas.cn
中国科学院合肥物质科学研究院,cas.cn
中国科学院国家天文台,cas.cn
中国科学院国家天文台长春人造卫星观测站,cas.cn
中国科学院国家授时中心,cas.cn
中国科学院国家空间科学中心,cas.cn
中国科学院地球化学研究所,gyig.ac.cn
中国科学院地球环境研究所,klacp.ac.cn
中国科学院地理科学与资源研究所,cas.cn
中国科学院地质与地球物理研究所,cas.cn
中国科学院城市环境研究所,cas.cn
中国科学院声学研究所,ioahn.ac.cn
中国科学院大学,ucas.ac.cn
中国科学院大气物理研究所,tea.ac.cn
中国科学院大连化学物理研究所,dicp.ac.cn
中国科学院天津工业生物技术研究所,cas.cn
中国科学院宁波材料技术与工程研究所,nimte.ac.cn
中国科学院山西煤炭化学研究所,cas.cn
中国科学院工程热物理研究所,cas.cn
中国科学院广州地球化学研究所,scsio.ac.cn
中国科学院广州生物医药与健康研究院,cas.cn
中国科学院广州能源研究所,cas.cn
中国科学院微小卫星创新研究院,cas.cn
中国科学院微生物研究所,im.ac.cn
中国科学院微电子研究所,cas.cn
中国科学院心理研究所,cas.cn
中国科学院成都生物研究所,cas.cn
中国科学院数学与系统科学研究院,mcm.ac.cn
中国科学院文献情报中心,cas.cn
中国科学院新疆天文台,cas.cn
中国科学院新疆理化技术研究所,cas.cn
中国科学院新疆生态与地理研究所,cas.cn
中国科学院昆明动物研究所,cuhk.edu.hk
中国科学院昆明植物研究所,cas.cn
中国科学院杭州医学研究所,cas.cn
中国科学院植物研究所,klpbcas.com
中国科学院武汉岩土力学研究所,cas.cn
中国科学院武汉文献情报中心,cas.cn
中国科学院武汉病毒研究所,cas.cn
中国科学院水利部水土保持研究所,cas.cn
中国科学院水生生物研究所,cas.cn
中国科学院沈阳应用生态研究所,cas.cn
中国科学院沈阳自动化研究所,ucas.edu.cn
中国科学院深圳先进技术研究院,siat.ac.cn
中国科学院烟台海岸带研究所,yic.ac.cn
中国科学院物理研究所,cas.cn
中国科学院理化技术研究所,ipc.ac.cn
中国科学院理论物理研究所,cas.cn
中国科学院生态环境研究中心,rcees.ac.cn
中国科学院生物物理研究所,cas.cn
中国科学院电工研究所,cas.cn
中国科学院福建物质结构研究所,xmirem.ac.cn
中国科学院科技战略咨询研究院,casisd.cn
中国科学院空天信息创新研究院,digitalearthlab.com.cn
中国科学院精密测量科学与技术创新研究院,cas.cn
中国科学院紫金山天文台,cas.cn
中国科学院脑科学与智能技术卓越创新中心,cas.cn
中国科学院自动化研究所,cas.cn
中国科学院自然科学史研究所,ihns.ac.cn
中国科学院苏州生物医学工程技术研究所,cas.cn
中国科学院苏州纳米技术与纳米仿生研究所,cas.cn
中国科学院西北高原生物研究所,cas.cn
中国科学院西双版纳热带植物园,cas.cn
中国科学院西安光学精密机械研究所,opt.ac.cn
中国科学院西安分院,cas.cn
中国科学院计算技术研究所,cas.cn
中国科学院计算机网络信息中心,cas.cn
中国科学院赣江创新研究院,cas.cn
中国科学院过程工程研究所,mesolab.ac.cn
中国科学院近代物理研究所,ucas.ac.cn
中国科学院遗传与发育生物学研究所,cepams.org
中国科学院重庆绿色智能技术研究院,cas.cn
中国科学院金属研究所,synl.ac.cn
中国科学院长春光学精密机械与物理研究所,cas.cn
中国科学院长春应用化学研究所,cas.cn
中国科学院青岛生物能源与过程研究所,qibebt.ac.cn
中国科学院青海盐湖研究所,cas.cn
中国科学院青藏高原研究所,cas.cn
中国科学院高能物理研究所,cas.cn
中国美术学院,caa.edu.cn
中国计量科学研究院,baidu.com
中国音乐学院,ccmusic.edu.cn
中国食品药品检定研究院,nifdc.org.cn
中央戏剧学院,chntheatre.edu.cn
中央美术学院,cafa.edu.cn
中央音乐学院,ccom.edu.cn
中日友好医院,zryhyy.com.cn
中科环渤海（烟台）药物高等研究院,baridd.ac.cn
中科院成都信息技术股份有限公司,casit.ac.cn
丽水职业技术学院,lszjy.com
之江实验室,nankai.edu.cn
云南省农业科学院,ynhort.cn
云南省地方病防治所,yiedc.com
云南艺术学院,ynart.edu.cn
交通运输部天津水运工程科学研究所,tiwte.ac.cn
佛山仙湖实验室,xianhulab.com
信阳学院,xyu.edu.cn
农业农村部南京农业机械化研究所,caas.cn
农业农村部沼气科学研究所,caas.cn
农业农村部环境保护科研监测所,caas.cn
农业农村部食物与营养发展研究所,caas.cn
北京医院,bjhmoh.cn
北京协和医院,pumch.cn
北京市农林科学院,nercita.org.cn
北京市地震局,bjdzj.gov.cn
北京市社会科学院,bass.org.cn
北京市神经外科研究所,bjni.org.cn
北京师范大学珠海校区,bnu.edu.cn
北京干细胞与再生医学研究院,iscr.ac.cn
北京应用物理与计算数学研究所,iapcm.ac.cn
北京生命科学研究所,nibs.ac.cn
北京电子科技职业学院,bpi.edu.cn
北京电影学院,bfa.edu.cn
北京石墨烯研究院,bgi-graphene.com
北京舞蹈学院,bda.edu.cn
北京计算科学研究中心,csrc.ac.cn
北京财贸职业学院,bjczy.edu.cn
北京量子信息科学研究院,baqis.ac.cn
北京雁栖湖应用数学研究院,bimsa.cn
北京青年政治学院,bjypc.edu.cn
南京信息职业技术学院,njcit.cn
南京艺术学院,nua.edu.cn
南宁学院,unn.edu.cn
南宁职业技术大学,nnvtu.edu.cn
南平市第一医院,npsdyyy.com
南方海洋科学与工程广东省实验室(珠海),sml-zhuhai.cn
南方海洋科学与工程广东省实验室（广州）,camscma.cn
南昌大学口腔医学院,jxskqyy.com
南昌大学第一附属医院临床试验研究中心,cdyfy.com
南昌大学第二附属医院,jxndefy.cn
南昌大学附属眼科医院,ncu.edu.cn
南阳医学高等专科学校,nymc.edu.cn
厦门医学院附属口腔医院,xmkq.com
厦门华厦学院,hxxy.edu.cn
厦门国家会计学院,xnai.edu.cn
厦门大学附属厦门眼科中心,xiameneye.org.cn
厦门大学附属心血管病医院,xmheart.com
厦门大学附属第一医院,xmfh.com.cn
厦门大学附属翔安医院,xmu.edu.cn
厦门大学附属龙岩中医院,lyszyy.com
厦门工学院,xit.edu.cn
厦门市中医院,xmtcm.com
厦门市妇幼保健院,xmfybj.cn
厦门市妇幼保健院（厦门市计划生育服务中心、厦门大学附属妇女儿童医院）,fjsfy.com
厦门弘爱医院,haxm.com
吉林动画学院,jlai.edu.cn
吉林外国语大学,jisu.edu.cn
吉林省农业科学院,jaas.com.cn
吉林艺术学院,jlart.edu.cn
呼吸疾病全国重点实验室,sklrd.cn
哈尔滨石油学院,hip.edu.cn
哈尔滨职业技术学院,hrbzy.edu.cn
哈尔滨音乐学院,hrbcm.edu.cn
四川大学华西医院,wchscu.cn
四川大学华西天府医院,wctfh.cn
四川大学华西第二医院,motherchildren.com
四川大学华西第四医院,wcfh.com.cn
四川工程职业技术大学,scpu.edu.cn
四川省人民医院,samsph.cn
四川省农业科学院,chinawestagr.com
四川美术学院,scfai.edu.cn
四川音乐学院,sccm.edu.cn
国家体育总局体育科学研究所,ciss.cn
国家基础地理信息中心,ngcc.cn
国家林业和草原局竹子研究开发中心,caf.ac.cn
国家水运安全工程技术研究中心,whut.edu.cn
国家海洋环境监测中心,nmemc.org.cn
国家海洋环境预报中心,nmefc.cn
国家纳米科学中心,cas.cn
国家自然科学基金委员会,nsfc.gov.cn
国家超级计算深圳中心,nsccsz.cn
国家远洋渔业工程技术研究中心,shou.edu.cn
国防科技大学,nudt.edu.cn
国际竹藤中心,icbr.ac.cn
大理大学第一附属医院,dali.edu.cn
天府永兴实验室,scu.edu.cn
天津地质调查中心,cgs.gov.cn
天津市人民医院,umc.net.cn
天津市儿童医院,tjchildrenshospital.com
天津市农业科学院,taas.ac.cn
天津市口腔医院,tjskq.com
天津市地震局,tjdzj.gov.cn
天津市环湖医院,tnsi.org
天津市疾病预防控制中心,cdctj.com.cn
天津市第一中心医院,tj-fch.com
天津市第三中心医院,tj3zx.cn
天津市胸科医院,chesthospital.com
天津美术学院,tjarts.edu.cn
天津职业大学,tjtc.edu.cn
天津音乐学院,tjcm.edu.cn
天目山实验室,tmslab.cn
姑苏实验室,gusulab.ac.cn
季华实验室,jihualab.ac.cn
宁夏农林科学院,nxaas.com.cn
宁夏医科大学总医院,nyfy.com.cn
宁夏职业技术学院,nxtc.edu.cn
宁德市闽东医院,fjmdyy.com
宁德师范学院附属宁德市医院,ndsyy.com
宁波城市职业技术学院,nbcc.cn
宁波职业技术学院,nbpt.edu.cn
宁波财经学院,nbufe.edu.cn
安徽医学高等专科学校,ahyz.edu.cn
安徽新华学院,axhu.edu.cn
安徽省农业科学院,aaas.org.cn
山东中医药大学高等专科学校,sdctcm.edu.cn
山东华宇工学院,huayu.edu.cn
山东商业职业技术学院,sict.edu.cn
山东工艺美术学院,sdada.edu.cn
山东省农业科学院,cfsqlsn.cn
山东省地震局,sddzj.gov.cn
山东艺术学院,sdca.edu.cn
山西传媒学院,cusx.edu.cn
山西工学院,sxct.edu.cn
山西省人民医院,sxsrmyy.com
山西省财政税务专科学校,sxftc.edu.cn
崖州湾国家实验室,aminer.cn
常州信息职业技术学院,ccit.js.cn
常州工程职业技术学院,czie.edu.cn
广东以色列理工学院,gtiit.edu.cn
广东机电职业技术学院,gdmec.edu.cn
广东省农业科学院,gdaas.cn
广东省科学院,gdas.gd.cn
广东省科学院中乌焊接研究所,cupiw.com
广东省科学院动物研究所,giz.gd.cn
广东省科学院化工研究所,gdcri.com
广东省科学院广州地理研究所,gdas.ac.cn
广东省科学院微生物研究所,gdim.cn
广东省科学院新材料研究所,gdinm.com
广东科学技术职业学院,gdit.edu.cn
广东轻工职业技术大学,gdqy.edu.cn
广州南方学院,nfu.edu.cn
广州商学院,gcc.edu.cn
广州实验室,gzlab.ac.cn
广州海洋地质调查局,cgs.gov.cn
广州铁路职业技术学院,gtxy.cn
广西农业科学院,gxaas.net
广西现代职业技术学院,gxxd.net.cn
广西科学院,gxib.cn
广西艺术学院,gxau.edu.cn
康复大学,fio.org.cn
强场激光物理国家重点实验室,cas.cn
微软亚洲研究院,microsoft.com
成都大学附属医院,cdu.edu.cn
扬州工业职业技术学院,ypi.edu.cn
文华学院,hustwenhua.net
新疆农业科学院,xaas.ac.cn
新疆农业职业技术学院,xjnzy.edu.cn
新疆农垦科学院,xjnkkxy.com
新疆维吾尔自治区畜牧科学院,xjaas.net
新疆艺术学院,xjart.edu.cn
无锡城市职业技术学院,wxcu.edu.cn
无锡工艺职业技术学院,wxgyxy.edu.cn
无锡职业技术学院,wxit.edu.cn
日照职业技术学院,rzpt.cn
昌平实验室,cpl.ac.cn
星海音乐学院,xhcom.edu.cn
望京医院,wjhospital.com.cn
杨凌职业技术学院,ylvtc.cn
杭州职业技术学院,hzvtc.edu.cn
核工业西南物理研究院,swip.ac.cn
森林生态环境与保护研究所,ifeep.cn
武昌理工学院,wut.edu.cn
武昌首义学院,wsyu.edu.cn
武汉东湖学院,wdu.edu.cn
武汉传媒学院,whmc.edu.cn
武汉华夏理工学院,whhxit.edu.cn
武汉学院,whxy.edu.cn
武汉工程科技学院,wuhues.com
武汉市金银潭医院,whsjytyy.com
武汉生物工程学院,whsw.cn
武汉音乐学院,whcm.edu.cn
水利部交通运输部国家能源局南京水利科学研究院,nhri.cn
水利部成都山地灾害与环境研究所,cern.ac.cn
汉口学院,hkxy.edu.cn
江苏信息职业技术学院,jsit.edu.cn
江苏农林职业技术学院,jsafc.edu.cn
江苏农牧科技职业学院,jsahvc.edu.cn
江苏医药职业学院,jsmc.edu.cn
江苏城乡建设职业学院,jscc.edu.cn
江苏建筑职业技术学院,jsviat.edu.cn
江苏开放大学,jsou.edu.cn
江苏海事职业技术学院,zqyjnds.com
江苏省中医院,jshtcm.com
江苏省农业科学院,jaas.ac.cn
江苏省疾病预防控制中心,jscdc.cn
江苏经贸职业技术学院,jvic.edu.cn
江苏航运职业技术学院,jssc.edu.cn
江苏食品药品职业技术学院,jsfpc.edu.cn
江西中医药大学附属医院,jxszyy.com
江西应用技术职业学院,jxyy.edu.cn
江西省农业科学院,jxaas.cn
江西省科学院,jxas.ac.cn
江西职业技术大学,jvtc.jx.cn
沈阳化工研究院,syrici.com.cn
沈阳音乐学院,sycm.edu.cn
河北传媒学院,hebic.cn
河北化工医药职业技术学院,hebcpc.cn
河北工程技术学院,hebuet.edu.cn
河北省农林科学院,hebnky.com
河南大学医学院,henu.edu.cn
河南省农业科学院,hnagri.org.cn
河南省科学院,inst-lres.com
泉州市中医院,qzzyy.org.cn
泉州市第一医院,qzdyyy.com
济南微生态生物医学省实验室,jnl.ac.cn
浙江机电职业技术大学,zime.edu.cn
浙江树人学院,zjsru.edu.cn
浙江清华长三角研究院,tsinghua-zj.edu.cn
浙江省人民医院,hospitalstar.com
浙江省农业科学院,zaas.ac.cn
浙江省疾病预防控制中心,cdc.zj.cn
浙江省肿瘤医院,zchospital.com
浙江越秀外国语学院,zyufl.edu.cn
浙江金融职业学院,zfc.edu.cn
浙江音乐学院,zjcm.edu.cn
海军军医大学,bbmc.edu.cn
海南农业科学院,hnaas.org.cn
海南政法职业学院,hnplc.com
海南科技职业大学,hnkjedu.cn
海南经贸职业技术学院,hceb.edu.cn
淄博职业学院,zbvc.edu.cn
深圳信息职业技术学院,sziit.edu.cn
深圳北京大学香港科技大学医学中心,sphmc.org
深圳市人工智能与机器人研究院,cuhk.edu.cn
深圳市前海蛇口自贸区医院,skhosp.cn
深圳市南山区慢性病防治院,sznsmby.cn
深圳市大数据研究院,cuhk.edu.cn
深圳技术大学,sztu.edu.cn
深圳理工大学,suat-sz.edu.cn
深圳职业技术大学,szpu.edu.cn
深圳计算科学研究院,sics.ac.cn
清华大学深圳国际研究生院,tsinghua.edu.cn
温州职业技术学院,wzvtc.cn
湖北城市建设职业技术学院,hbucvc.edu.cn
湖北江夏实验室,hbjxlab.com
湖北省农业科学院,hbaas.ac.cn
湖北美术学院,hifa.edu.cn
湖南化工职业技术学院,hnhgzy.com
湖南工业职业技术学院,hunangy.com
湖南省农业科学院,hunaas.cn
湖州职业技术学院,huvtc.edu.cn
滁州职业技术学院,chzc.edu.cn
滨州职业学院,bzpt.edu.cn
烟台先进材料与绿色制造山东省实验室,qust.edu.cn
珠江水产研究所,prfri.ac.cn
珠海城市职业技术学院,zhcpt.edu.cn
瓯江实验室,ojlab.cn
甘肃省农业科学院,gsagr.cn
甘肃省地震局（中国地震局兰州地震研究所）,gsdzj.gov.cn
甘肃省科学院,gsas.ac.cn
生态环境部南京环境科学研究所,nies.org
甬江实验室,ylab.ac.cn
电子科技大学（深圳）高等研究院,uestc.edu.cn
瞬态光学与光子技术国家重点实验室,opt.ac.cn
石家庄职业技术学院,sjzpt.edu.cn
福州市中医院,fzszyy.cn
福建中医药大学附属人民医院,srmyy.com
福建中医药大学附属康复医院,fjkf.net
福建中医药大学附属漳州中医院,zzzyy.com
福建中医药大学附属福鼎医院,fdsyy.com
福建中医药大学附属第三人民医院,fjsdsrmyy.com
福建中医药大学附属第二人民医院,fjhospital.com
福建医科大学孟超肝胆医院,fzcrb.com
福建医科大学附属协和医院,fjxiehe.com
福建医科大学附属口腔医院,fjkqyy.com
福建医科大学附属第二医院,fyey.cn
福建省中医药科学院,fjszyy.com
福建省农业科学院,faas.cn
福建省宁德市中医院,ndzyy.com
福建省福州儿童医院,fzetyy.com
福建省立医院,fjsl.com.cn
福建省肿瘤医院,fjzl.com.cn
福建船政交通职业学院,fjcpc.edu.cn
自然资源部第一海洋研究所,fio.org.cn
自然资源部第三海洋研究所,tio.org.cn
自然资源部第二海洋研究所,sio.org.cn
良渚实验室,zju.edu.cn
芙蓉实验室,furonglabhn.cn
芜湖职业技术学院,whit.edu.cn
苏州卫生职业技术学院,hxkq.net
苏州工艺美术职业技术学院,sgmart.edu.cn
苏州市职业大学,jssvc.edu.cn
茅台学院,mtxy.edu.cn
西京学院,xijing.edu.cn
西南医科大学附属医院,ahswmu.cn
西南医科大学附属口腔医院,xnykdkq.com
西安交通大学城市学院,xjtucc.cn
西安美术学院,xafa.edu.cn
西安翻译学院,xafy.edu.cn
西安航空职业技术学院,xihang.com.cn
西安音乐学院,xacom.edu.cn
西湖大学,westlake.edu.cn
西湖实验室,wllsb.edu.cn
西藏自治区农牧科学院,taaas.org
解放军总医院第五医学中心,301hospital-5.mil.cn
贵州科学院,guizhou.gov.cn
赣南医科大学第一附属医院,gyyfy.com
赣州市立医院,gzslyy.com
赣州市第三人民医院,jxgzsdsrmyy.cn
赣州市肿瘤医院,gzzlyy.com
辽宁材料实验室,lam.ln.cn
辽宁省农业科学院,laas.cn
郑州烟草研究院,ztri.com.cn
重庆医科大学附属儿童医院,chcmu.com
重庆医科大学附属康复医院,rhcqmu.com
重庆医科大学附属永川医院,ychcqmu.com
重庆医科大学附属第一医院,hospital-cqmu.com
重庆医科大学附属第三医院,3-hospital-cqmu.com
重庆医科大学附属第二医院,sahcqmu.com
重庆工业职业技术学院,cqipc.edu.cn
重庆工程学院,cqie.edu.cn
重庆工程职业技术学院,cqvie.edu.cn
重庆市农业科学院,cqaas.cn
重庆市畜牧科学院,cqaa.cn
重庆电子科技职业大学,cqcet.edu.cn
量子光学与光量子器件国家重点实验室,sxu.edu.cn
金华职业技术大学,jhc.cn
长春大学旅游学院,tccu.edu.cn
长春建筑学院,jladi.edu.cn
长春汽车职业技术大学,caii.edu.cn
长江水资源保护科学研究所,cwrpi.com
长沙医学院,csmu.edu.cn
长沙民政职业技术学院,csmzxy.edu.cn
闽南科技学院,mku.edu.cn
闽都创新实验室,fjoel.cn
陕西工业职业技术学院,sxpi.edu.cn
陕西铁路工程职业技术学院,sxri.net
青岛市市立医院,qdslyy.cn
青海省地震局,qhdzj.gov.cn
顺德职业技术学院,sdpt.edu.cn
首都儿科研究所,shouer.com.cn
香港中文大学（深圳）医学院,cuhk.edu.cn
香港浸会大学,hkbu.edu.hk
香港科技大学深圳研究院,szier2.cn
香港科技大学（广州）,hkust-gz.edu.cn
马鞍山师范高等专科学校,massz.edu.cn
鲁迅美术学院,lumei.edu.cn
黄河水利职业技术学院,yrcti.edu.cn
黑龙江外国语学院,hiu.edu.cn
黑龙江省农业科学院,jmsnky.org.cn
黑龙江省科学院,has.ac.cn
龙岩市第一医院,lydyyy.com.cn
